field,label,n_pairs,pibc_mean,pihps_mean,ratio_pihps_over_pibc_mean,ratio_cv_pct,corr_level,corr_change,same_direction_share_pct,n_nonzero_change_pairs
cjr_kpl,Cianjur Kepala,489,13576.9,13522.5,0.9964,3.71,-0.2155,0.0959,83.3,6
cjr_slyp,Cianjur Slyp,489,12533.1,13522.5,1.0791,3.13,0.1524,0.1238,85.7,7
setra,Setra,489,13258.1,13522.5,1.02,2.82,0.2819,0.0553,100.0,3
saigon,Saigon,489,11854.3,13522.5,1.1407,2.61,0.4792,0.0784,100.0,2
muncul1,Muncul I,489,11174.5,13522.5,1.2104,3.4,-0.0752,0.1837,100.0,3
muncul2,Muncul II,489,10444.3,13522.5,1.295,3.3,-0.114,0.1667,100.0,4
muncul3,Muncul III,489,9799.5,13522.5,1.3802,3.53,-0.4122,0.1236,100.0,3
ir641,IR-64 I,489,10641.2,13522.5,1.2712,3.36,0.1982,0.0819,85.7,7
ir642,IR-64 II,489,9909.5,13522.5,1.3652,3.32,0.2885,0.0665,80.0,5
ir643,IR-64 III,489,8676.0,13522.5,1.5588,3.06,0.08,-0.0449,0.0,1
ir42,IR-42,489,11324.1,13522.5,1.1952,4.05,0.0902,0.0925,100.0,5
