chunk,check,recaps_per_target
2019-01,OK_EMPTY,com_14:0|com_11:0|com_3:0
2019-02,OK_EMPTY,com_14:0|com_11:0|com_3:0
2019-03,OK_EMPTY,com_14:0|com_11:0|com_3:0
2019-04,OK_EMPTY,com_14:0|com_11:0|com_3:0
2019-05,OK_EMPTY,com_14:0|com_11:0|com_3:0
2019-06,OK_EMPTY,com_14:0|com_11:0|com_3:0
2019-07,OK_EMPTY,com_14:0|com_11:0|com_3:0
2019-08,OK_EMPTY,com_14:0|com_11:0|com_3:0
2019-09,OK_EMPTY,com_14:0|com_11:0|com_3:0
2019-10,OK_EMPTY,com_14:0|com_11:0|com_3:0
2019-11,OK_EMPTY,com_14:0|com_11:0|com_3:0
2019-12,OK_EMPTY,com_14:0|com_11:0|com_3:0
2020-01,OK_EMPTY,com_14:0|com_11:0|com_3:0
2020-02,OK_EMPTY,com_14:0|com_11:0|com_3:0
2020-03,OK_EMPTY,com_14:0|com_11:0|com_3:0
2020-04,OK_EMPTY,com_14:0|com_11:0|com_3:0
2020-05,OK_EMPTY,com_14:0|com_11:0|com_3:0
2020-06,OK_EMPTY,com_14:0|com_11:0|com_3:0
2020-07,OK_EMPTY,com_14:0|com_11:0|com_3:0
2020-08,OK_EMPTY,com_14:0|com_11:0|com_3:0
2020-09,OK_EMPTY,com_14:0|com_11:0|com_3:0
2020-10,OK_EMPTY,com_14:0|com_11:0|com_3:0
2020-11,OK_EMPTY,com_14:0|com_11:0|com_3:0
2020-12,OK_EMPTY,com_14:0|com_11:0|com_3:0
2021-01,OK_EMPTY,com_14:0|com_11:0|com_3:0
2021-02,OK_EMPTY,com_14:0|com_11:0|com_3:0
2021-03,OK_EMPTY,com_14:0|com_11:0|com_3:0
2021-04,OK_EMPTY,com_14:0|com_11:0|com_3:0
2021-05,OK_EMPTY,com_14:0|com_11:0|com_3:0
2021-06,OK_EMPTY,com_14:0|com_11:0|com_3:0
2021-07,OK_EMPTY,com_14:0|com_11:0|com_3:0
2021-08,OK_EMPTY,com_14:0|com_11:0|com_3:0
2021-09,OK_EMPTY,com_14:0|com_11:0|com_3:0
2021-10,OK_EMPTY,com_14:0|com_11:0|com_3:0
2021-11,OK_EMPTY,com_14:0|com_11:0|com_3:0
2021-12,OK_EMPTY,com_14:0|com_11:0|com_3:0
2022-01,OK_EMPTY,com_14:0|com_11:0|com_3:0
2022-02,OK_EMPTY,com_14:0|com_11:0|com_3:0
2022-03,OK_EMPTY,com_14:0|com_11:0|com_3:0
2022-04,OK_EMPTY,com_14:0|com_11:0|com_3:0
2022-05,OK_EMPTY,com_14:0|com_11:0|com_3:0
2022-06,OK_EMPTY,com_14:0|com_11:0|com_3:0
2022-07,OK_EMPTY,com_14:0|com_11:0|com_3:0
2022-08,OK_EMPTY,com_14:0|com_11:0|com_3:0
2022-09,OK_EMPTY,com_14:0|com_11:0|com_3:0
2022-10,OK_EMPTY,com_14:0|com_11:0|com_3:0
2022-11,OK_EMPTY,com_14:0|com_11:0|com_3:0
2022-12,OK_EMPTY,com_14:0|com_11:0|com_3:0
2023-01,OK_EMPTY,com_14:0|com_11:0|com_3:0
2023-02,OK_EMPTY,com_14:0|com_11:0|com_3:0
2023-03,OK_EMPTY,com_14:0|com_11:0|com_3:0
2023-04,OK_EMPTY,com_14:0|com_11:0|com_3:0
2023-05,OK_EMPTY,com_14:0|com_11:0|com_3:0
2023-06,OK_EMPTY,com_14:0|com_11:0|com_3:0
2023-07,OK_EMPTY,com_14:0|com_11:0|com_3:0
2023-08,OK_EMPTY,com_14:0|com_11:0|com_3:0
2023-09,OK_EMPTY,com_14:0|com_11:0|com_3:0
2023-10,OK_EMPTY,com_14:0|com_11:0|com_3:0
2023-11,OK_EMPTY,com_14:0|com_11:0|com_3:0
2023-12,OK_EMPTY,com_14:0|com_11:0|com_3:0
2024-01,OK,com_14:31|com_11:31|com_3:31
2024-02,OK,com_14:29|com_11:29|com_3:14
2024-03,OK,com_14:30|com_11:30|com_3:30
2024-04,OK,com_14:19|com_11:19|com_3:19
2024-05,OK,com_14:25|com_11:25|com_3:25
2024-06,OK,com_14:29|com_11:29|com_3:29
2024-07,OK,com_14:31|com_11:31|com_3:31
2024-08,OK,com_14:31|com_11:31|com_3:31
2024-09,OK,com_14:29|com_11:29|com_3:29
2024-10,OK,com_14:31|com_11:31|com_3:31
2024-11,OK,com_14:30|com_11:30|com_3:30
2024-12,OK,com_14:29|com_11:29|com_3:29
2025-01,OK,com_14:30|com_11:30|com_3:30
2025-02,OK,com_14:28|com_11:28|com_3:28
2025-03,OK,com_14:30|com_11:30|com_3:30
2025-04,OK,com_14:29|com_11:29|com_3:28
2025-05,OK,com_14:31|com_11:31|com_3:31
2025-06,OK,com_14:30|com_11:30|com_3:30
2025-07,OK,com_14:31|com_11:31|com_3:31
2025-08,OK,com_14:31|com_11:31|com_3:31
2025-09,OK,com_14:30|com_11:30|com_3:30
2025-10,OK,com_14:31|com_11:31|com_3:31
2025-11,OK,com_14:29|com_11:29|com_3:29
2025-12,OK,com_14:31|com_11:31|com_3:31
2026-01,OK,com_14:31|com_11:31|com_3:31
2026-02,OK,com_14:26|com_11:26|com_3:26
2026-03,OK,com_14:28|com_11:28|com_3:27
2026-04,OK,com_14:29|com_11:29|com_3:29
2026-05,OK,com_14:30|com_11:30|com_3:30
2026-06,OK,com_14:29|com_11:29|com_3:29
2026-07,OK,com_14:31|com_11:31|com_3:31
2026-08,OK,com_14:30|com_11:30|com_3:30
2026-09,OK,com_14:30|com_11:30|com_3:30
