location_id,grid_latitude,grid_longitude,grid_elevation,grid_variants,requested_lat,requested_lon,offset_km
bandung,-7.0999985,107.600006,1247.0,1,-7.09994,107.61075,1.19
bandung_barat,-6.9000015,107.399994,662.0,1,-6.89711,107.41495,1.68
bima,-8.5,118.600006,139.0,1,-8.47469,118.6187,3.49
brebes,-7.0999985,108.899994,63.0,1,-7.05928,108.92756,5.45
cianjur,-7.0999985,107.20001,726.0,1,-7.13358,107.15776,5.97
cilacap,-7.5,108.899994,21.0,1,-7.49089,108.89037,1.47
cirebon,-6.699997,108.5,13.0,1,-6.74541,108.55129,7.59
demak,-6.9000015,110.600006,5.0,1,-6.91109,110.63202,3.74
garut,-7.4000015,107.80002,1252.0,1,-7.35951,107.78883,4.67
indramayu,-6.4000015,108.20001,8.0,1,-6.44857,108.16875,6.41
karawang,-6.2999954,107.399994,9.0,1,-6.25204,107.35394,7.37
magelang,-7.5,110.20001,348.0,1,-7.50157,110.24663,5.14
nganjuk,-7.5999985,111.899994,49.0,1,-7.59737,111.9384,4.24
sragen,-7.4000015,111.0,78.0,1,-7.3872,110.97751,2.86
subang,-6.5,107.70001,60.0,1,-6.48414,107.7322,3.97
sukoharjo,-7.699997,110.80002,99.0,1,-7.6808,110.83464,4.37
sumedang,-6.7999954,108.0,482.0,1,-6.82506,107.98087,3.5
temanggung,-7.2999954,110.20001,675.0,1,-7.25788,110.13565,8.5
