set,location_id,variable,n_days,missing_dates,duplicate_dates,n_null,tail_nulls,non_tail_nulls,first_null,min,max,mean
reserve,garut,relative_humidity_2m_max,3195,0,0,4,4,0,2026-09-27,84.0,100.0,96.5566
reserve,bandung_barat,wind_speed_10m_mean,3195,0,0,6,6,0,2026-09-25,0.4,2.83,0.9855
reserve,bandung_barat,wind_speed_10m_max,3195,0,0,5,4,1,2026-09-25,0.72,5.57,1.9348
reserve,bandung_barat,cloud_cover_mean,3195,0,0,6,6,0,2026-09-25,5.0,100.0,80.9881
reserve,bandung_barat,shortwave_radiation_sum,3195,0,0,6,6,0,2026-09-25,3.67,28.08,17.4408
reserve,bandung_barat,vapour_pressure_deficit_max,3195,0,0,4,4,0,2026-09-27,0.24,3.13,1.084
reserve,bandung_barat,relative_humidity_2m_min,3195,0,0,4,4,0,2026-09-27,30.0,91.0,69.4199
reserve,bandung_barat,relative_humidity_2m_max,3195,0,0,4,4,0,2026-09-27,83.0,100.0,97.083
reserve,sukoharjo,rain_sum,3195,0,0,6,6,0,2026-09-25,0.0,181.9,6.0
reserve,sukoharjo,soil_temperature_0_to_7cm_mean,3195,0,0,4,4,0,2026-09-27,24.7,33.7,28.1161
reserve,bandung_barat,soil_moisture_0_to_7cm_mean,3195,0,0,4,4,0,2026-09-27,0.227,0.483,0.4291
reserve,sukoharjo,soil_moisture_28_to_100cm_mean,3195,0,0,4,4,0,2026-09-27,0.279,0.512,0.4056
reserve,bima,relative_humidity_2m_max,3195,0,0,4,4,0,2026-09-27,78.0,99.0,95.2692
reserve,bima,relative_humidity_2m_min,3195,0,0,4,4,0,2026-09-27,28.0,94.0,62.3303
reserve,bima,vapour_pressure_deficit_max,3195,0,0,4,4,0,2026-09-27,0.18,3.55,1.6414
reserve,bima,shortwave_radiation_sum,3195,0,0,6,6,0,2026-09-25,3.84,28.25,21.5758
reserve,bima,cloud_cover_mean,3195,0,0,6,6,0,2026-09-25,2.0,100.0,62.4061
reserve,bima,wind_speed_10m_max,3195,0,0,5,4,1,2026-09-25,0.94,7.58,2.8905
reserve,bima,wind_speed_10m_mean,3195,0,0,6,6,0,2026-09-25,0.49,5.66,1.9452
reserve,bima,soil_moisture_0_to_7cm_mean,3195,0,0,4,4,0,2026-09-27,0.184,0.459,0.3092
reserve,bima,soil_moisture_28_to_100cm_mean,3195,0,0,4,4,0,2026-09-27,0.213,0.474,0.321
reserve,sukoharjo,soil_moisture_0_to_7cm_mean,3195,0,0,4,4,0,2026-09-27,0.247,0.507,0.3943
reserve,bandung_barat,soil_moisture_28_to_100cm_mean,3195,0,0,4,4,0,2026-09-27,0.276,0.485,0.4324
reserve,bandung_barat,soil_temperature_0_to_7cm_mean,3195,0,0,4,4,0,2026-09-27,21.6,27.8,24.4561
reserve,bandung_barat,rain_sum,3195,0,0,6,6,0,2026-09-25,0.0,129.1,9.4959
reserve,bandung,soil_temperature_0_to_7cm_mean,3195,0,0,4,4,0,2026-09-27,19.0,26.5,22.0581
reserve,bandung,soil_moisture_28_to_100cm_mean,3195,0,0,4,4,0,2026-09-27,0.165,0.437,0.347
reserve,bandung,soil_moisture_0_to_7cm_mean,3195,0,0,4,4,0,2026-09-27,0.141,0.432,0.3538
reserve,bandung,wind_speed_10m_mean,3195,0,0,6,6,0,2026-09-25,0.4,2.83,0.9855
reserve,bandung,wind_speed_10m_max,3195,0,0,5,4,1,2026-09-25,0.72,5.57,1.9348
reserve,bandung,cloud_cover_mean,3195,0,0,6,6,0,2026-09-25,5.0,100.0,80.9881
reserve,bandung,shortwave_radiation_sum,3195,0,0,6,6,0,2026-09-25,3.67,28.08,17.4408
reserve,bandung,vapour_pressure_deficit_max,3195,0,0,4,4,0,2026-09-27,0.11,3.05,1.0661
reserve,bandung,relative_humidity_2m_min,3195,0,0,4,4,0,2026-09-27,22.0,95.0,66.2648
reserve,bandung,relative_humidity_2m_max,3195,0,0,4,4,0,2026-09-27,77.0,100.0,97.9683
reserve,nganjuk,relative_humidity_2m_max,3195,0,0,4,4,0,2026-09-27,82.0,100.0,96.7938
reserve,nganjuk,relative_humidity_2m_min,3195,0,0,4,4,0,2026-09-27,25.0,96.0,59.3027
reserve,nganjuk,vapour_pressure_deficit_max,3195,0,0,4,4,0,2026-09-27,0.13,4.47,1.9092
reserve,nganjuk,shortwave_radiation_sum,3195,0,0,6,6,0,2026-09-25,3.58,27.56,18.6773
reserve,nganjuk,cloud_cover_mean,3195,0,0,6,6,0,2026-09-25,1.0,100.0,70.5949
reserve,nganjuk,wind_speed_10m_max,3195,0,0,5,4,1,2026-09-25,0.92,5.99,2.4533
reserve,nganjuk,wind_speed_10m_mean,3195,0,0,6,6,0,2026-09-25,0.5,4.12,1.4537
reserve,nganjuk,soil_moisture_0_to_7cm_mean,3195,0,0,4,4,0,2026-09-27,0.199,0.475,0.3478
reserve,nganjuk,soil_moisture_28_to_100cm_mean,3195,0,0,4,4,0,2026-09-27,0.228,0.482,0.3595
reserve,nganjuk,soil_temperature_0_to_7cm_mean,3195,0,0,4,4,0,2026-09-27,25.2,34.8,28.7311
reserve,nganjuk,rain_sum,3195,0,0,6,6,0,2026-09-25,0.0,103.5,5.6206
reserve,bima,soil_temperature_0_to_7cm_mean,3195,0,0,4,4,0,2026-09-27,25.2,33.7,28.3758
reserve,bima,rain_sum,3195,0,0,6,6,0,2026-09-25,0.0,217.6,4.4343
reserve,sukoharjo,wind_speed_10m_mean,3195,0,0,6,6,0,2026-09-25,0.47,4.17,1.6117
reserve,sukoharjo,wind_speed_10m_max,3195,0,0,5,4,1,2026-09-25,0.92,6.44,3.11
reserve,cianjur,relative_humidity_2m_max,3195,0,0,4,4,0,2026-09-27,90.0,100.0,98.4779
reserve,sukoharjo,relative_humidity_2m_max,3195,0,0,4,4,0,2026-09-27,83.0,100.0,97.7907
reserve,cilacap,relative_humidity_2m_max,3195,0,0,4,4,0,2026-09-27,82.0,100.0,94.9257
reserve,cilacap,relative_humidity_2m_min,3195,0,0,4,4,0,2026-09-27,50.0,92.0,72.7916
reserve,cilacap,vapour_pressure_deficit_max,3195,0,0,4,4,0,2026-09-27,0.27,2.43,1.0696
reserve,cilacap,shortwave_radiation_sum,3195,0,0,6,6,0,2026-09-25,2.26,27.04,17.0141
reserve,cilacap,cloud_cover_mean,3195,0,0,6,6,0,2026-09-25,2.0,100.0,78.1916
reserve,cilacap,wind_speed_10m_max,3195,0,0,5,4,1,2026-09-25,0.81,6.68,3.2067
reserve,cilacap,wind_speed_10m_mean,3195,0,0,6,6,0,2026-09-25,0.54,4.83,1.7815
reserve,cilacap,soil_moisture_0_to_7cm_mean,3195,0,0,4,4,0,2026-09-27,0.234,0.493,0.4121
reserve,cilacap,soil_moisture_28_to_100cm_mean,3195,0,0,4,4,0,2026-09-27,0.265,0.499,0.414
reserve,cilacap,soil_temperature_0_to_7cm_mean,3195,0,0,4,4,0,2026-09-27,24.4,31.1,27.1086
reserve,cilacap,rain_sum,3195,0,0,6,6,0,2026-09-25,0.0,257.6,7.7089
reserve,garut,rain_sum,3195,0,0,6,6,0,2026-09-25,0.0,145.7,8.8907
reserve,garut,soil_temperature_0_to_7cm_mean,3195,0,0,4,4,0,2026-09-27,19.0,24.7,21.9028
reserve,garut,soil_moisture_28_to_100cm_mean,3195,0,0,4,4,0,2026-09-27,0.168,0.437,0.3474
reserve,garut,soil_moisture_0_to_7cm_mean,3195,0,0,4,4,0,2026-09-27,0.137,0.434,0.3518
reserve,garut,wind_speed_10m_mean,3195,0,0,6,6,0,2026-09-25,0.4,2.95,1.0907
reserve,garut,wind_speed_10m_max,3195,0,0,5,4,1,2026-09-25,0.76,5.29,1.8154
reserve,garut,cloud_cover_mean,3195,0,0,6,6,0,2026-09-25,2.0,100.0,82.6761
reserve,garut,shortwave_radiation_sum,3195,0,0,6,6,0,2026-09-25,3.52,27.98,16.9136
reserve,cianjur,relative_humidity_2m_min,3195,0,0,4,4,0,2026-09-27,33.0,95.0,69.0342
reserve,bandung,rain_sum,3195,0,0,6,6,0,2026-09-25,0.0,129.1,9.4959
reserve,cianjur,vapour_pressure_deficit_max,3195,0,0,4,4,0,2026-09-27,0.15,3.18,1.1296
reserve,cianjur,cloud_cover_mean,3195,0,0,6,6,0,2026-09-25,6.0,100.0,82.6849
reserve,sukoharjo,cloud_cover_mean,3195,0,0,6,6,0,2026-09-25,1.0,100.0,75.1342
reserve,sukoharjo,shortwave_radiation_sum,3195,0,0,6,6,0,2026-09-25,2.96,27.65,18.1265
reserve,sukoharjo,vapour_pressure_deficit_max,3195,0,0,4,4,0,2026-09-27,0.22,4.35,1.7653
reserve,sukoharjo,relative_humidity_2m_min,3195,0,0,4,4,0,2026-09-27,26.0,93.0,60.984
reserve,sragen,relative_humidity_2m_max,3195,0,0,4,4,0,2026-09-27,76.0,100.0,94.4588
reserve,sragen,relative_humidity_2m_min,3195,0,0,4,4,0,2026-09-27,22.0,96.0,57.6923
reserve,sragen,vapour_pressure_deficit_max,3195,0,0,4,4,0,2026-09-27,0.11,5.14,1.9967
reserve,sragen,shortwave_radiation_sum,3195,0,0,6,6,0,2026-09-25,3.09,27.74,18.5375
reserve,sragen,cloud_cover_mean,3195,0,0,6,6,0,2026-09-25,0.0,100.0,72.9699
reserve,sragen,wind_speed_10m_max,3195,0,0,5,4,1,2026-09-25,0.96,6.56,2.6688
reserve,sragen,wind_speed_10m_mean,3195,0,0,6,6,0,2026-09-25,0.47,3.76,1.4814
reserve,sragen,soil_moisture_0_to_7cm_mean,3195,0,0,4,4,0,2026-09-27,0.237,0.509,0.3912
reserve,sragen,soil_moisture_28_to_100cm_mean,3195,0,0,4,4,0,2026-09-27,0.282,0.515,0.4083
reserve,sragen,soil_temperature_0_to_7cm_mean,3195,0,0,4,4,0,2026-09-27,24.5,35.8,28.3273
reserve,sragen,rain_sum,3195,0,0,6,6,0,2026-09-25,0.0,164.4,6.26
reserve,cianjur,rain_sum,3195,0,0,6,6,0,2026-09-25,0.0,133.4,9.7854
reserve,cianjur,soil_temperature_0_to_7cm_mean,3195,0,0,4,4,0,2026-09-27,22.1,29.0,25.0735
reserve,cianjur,soil_moisture_28_to_100cm_mean,3195,0,0,4,4,0,2026-09-27,0.248,0.472,0.4176
reserve,cianjur,soil_moisture_0_to_7cm_mean,3195,0,0,4,4,0,2026-09-27,0.202,0.468,0.4132
reserve,cianjur,wind_speed_10m_mean,3195,0,0,6,6,0,2026-09-25,0.5,4.26,1.3532
reserve,cianjur,wind_speed_10m_max,3195,0,0,5,4,1,2026-09-25,0.92,6.91,2.4413
reserve,cianjur,shortwave_radiation_sum,3195,0,0,6,6,0,2026-09-25,3.06,27.89,17.758
reserve,garut,vapour_pressure_deficit_max,3195,0,0,4,4,0,2026-09-27,0.19,2.23,0.8147
reserve,temanggung,rain_sum,3195,0,0,6,6,0,2026-09-25,0.0,148.1,8.7289
reserve,temanggung,soil_moisture_28_to_100cm_mean,3195,0,0,4,4,0,2026-09-27,0.207,0.465,0.353
reserve,brebes,relative_humidity_2m_min,3195,0,0,4,4,0,2026-09-27,36.0,98.0,67.0818
reserve,brebes,relative_humidity_2m_max,3195,0,0,4,4,0,2026-09-27,87.0,100.0,97.9188
reserve,indramayu,wind_speed_10m_mean,3195,0,0,6,6,0,2026-09-25,0.66,5.42,2.0399
reserve,indramayu,soil_moisture_0_to_7cm_mean,3195,0,0,4,4,0,2026-09-27,0.122,0.429,0.306
reserve,indramayu,soil_moisture_28_to_100cm_mean,3195,0,0,4,4,0,2026-09-27,0.16,0.429,0.3191
reserve,indramayu,soil_temperature_0_to_7cm_mean,3195,0,0,4,4,0,2026-09-27,24.6,34.5,28.9074
reserve,indramayu,rain_sum,3195,0,0,6,6,0,2026-09-25,0.0,67.4,5.1754
reserve,karawang,relative_humidity_2m_max,3195,0,0,4,4,0,2026-09-27,66.0,100.0,95.1955
reserve,karawang,relative_humidity_2m_min,3195,0,0,4,4,0,2026-09-27,23.0,93.0,61.9984
reserve,brebes,vapour_pressure_deficit_max,3195,0,0,4,4,0,2026-09-27,0.08,3.46,1.4172
reserve,karawang,vapour_pressure_deficit_max,3195,0,0,4,4,0,2026-09-27,0.22,4.84,1.7522
reserve,karawang,cloud_cover_mean,3195,0,0,6,6,0,2026-09-25,1.0,100.0,74.477
reserve,karawang,wind_speed_10m_max,3195,0,0,5,4,1,2026-09-25,1.33,7.69,3.6012
reserve,karawang,wind_speed_10m_mean,3195,0,0,6,6,0,2026-09-25,0.7,5.68,2.0051
reserve,karawang,soil_moisture_0_to_7cm_mean,3195,0,0,4,4,0,2026-09-27,0.137,0.437,0.3408
reserve,karawang,soil_moisture_28_to_100cm_mean,3195,0,0,4,4,0,2026-09-27,0.173,0.439,0.343
reserve,karawang,soil_temperature_0_to_7cm_mean,3195,0,0,4,4,0,2026-09-27,24.7,33.7,28.6637
reserve,karawang,rain_sum,3195,0,0,6,6,0,2026-09-25,0.0,167.7,6.1968
reserve,magelang,rain_sum,3195,0,0,6,6,0,2026-09-25,0.0,147.6,8.3483
reserve,magelang,soil_temperature_0_to_7cm_mean,3195,0,0,4,4,0,2026-09-27,21.6,28.7,25.0859
reserve,karawang,shortwave_radiation_sum,3195,0,0,6,6,0,2026-09-25,1.41,28.1,19.5372
reserve,brebes,shortwave_radiation_sum,3195,0,0,6,6,0,2026-09-25,2.24,27.45,18.2696
reserve,brebes,cloud_cover_mean,3195,0,0,6,6,0,2026-09-25,2.0,100.0,77.7137
reserve,brebes,wind_speed_10m_max,3195,0,0,5,4,1,2026-09-25,0.91,5.32,2.3062
reserve,cirebon,relative_humidity_2m_min,3195,0,0,4,4,0,2026-09-27,33.0,90.0,66.1094
reserve,cirebon,vapour_pressure_deficit_max,3195,0,0,4,4,0,2026-09-27,0.34,3.32,1.4395
reserve,cirebon,shortwave_radiation_sum,3195,0,0,6,6,0,2026-09-25,4.28,27.51,18.6155
reserve,cirebon,cloud_cover_mean,3195,0,0,6,6,0,2026-09-25,2.0,100.0,73.2885
reserve,cirebon,wind_speed_10m_max,3195,0,0,5,4,1,2026-09-25,1.3,7.08,3.5638
reserve,cirebon,wind_speed_10m_mean,3195,0,0,6,6,0,2026-09-25,0.73,5.93,2.4272
reserve,cirebon,soil_moisture_0_to_7cm_mean,3195,0,0,4,4,0,2026-09-27,0.064,0.374,0.2172
reserve,cirebon,soil_moisture_28_to_100cm_mean,3195,0,0,4,4,0,2026-09-27,0.087,0.373,0.2165
reserve,cirebon,soil_temperature_0_to_7cm_mean,3195,0,0,4,4,0,2026-09-27,24.4,32.6,28.1978
reserve,cirebon,rain_sum,3195,0,0,6,6,0,2026-09-25,0.0,113.1,5.6818
reserve,indramayu,relative_humidity_2m_max,3195,0,0,4,4,0,2026-09-27,62.0,99.0,90.1705
reserve,indramayu,relative_humidity_2m_min,3195,0,0,4,4,0,2026-09-27,21.0,92.0,59.1796
reserve,indramayu,vapour_pressure_deficit_max,3195,0,0,4,4,0,2026-09-27,0.26,5.07,1.9188
reserve,indramayu,shortwave_radiation_sum,3195,0,0,6,6,0,2026-09-25,3.8,28.17,19.2716
reserve,indramayu,cloud_cover_mean,3195,0,0,6,6,0,2026-09-25,0.0,100.0,72.6428
reserve,indramayu,wind_speed_10m_max,3195,0,0,5,4,1,2026-09-25,1.05,7.82,3.5207
reserve,brebes,rain_sum,3195,0,0,6,6,0,2026-09-25,0.0,141.4,7.6851
reserve,brebes,soil_temperature_0_to_7cm_mean,3195,0,0,4,4,0,2026-09-27,24.8,31.2,27.3336
reserve,brebes,soil_moisture_28_to_100cm_mean,3195,0,0,4,4,0,2026-09-27,0.29,0.516,0.4357
reserve,brebes,soil_moisture_0_to_7cm_mean,3195,0,0,4,4,0,2026-09-27,0.258,0.509,0.431
reserve,brebes,wind_speed_10m_mean,3195,0,0,6,6,0,2026-09-25,0.5,3.71,1.3888
reserve,magelang,soil_moisture_28_to_100cm_mean,3195,0,0,4,4,0,2026-09-27,0.287,0.517,0.4303
reserve,magelang,soil_moisture_0_to_7cm_mean,3195,0,0,4,4,0,2026-09-27,0.261,0.509,0.4328
reserve,magelang,wind_speed_10m_mean,3195,0,0,6,6,0,2026-09-25,0.44,2.61,1.1253
reserve,magelang,wind_speed_10m_max,3195,0,0,5,4,1,2026-09-25,0.92,5.01,2.119
reserve,sumedang,wind_speed_10m_max,3195,0,0,5,4,1,2026-09-25,0.89,5.53,2.3857
reserve,sumedang,cloud_cover_mean,3195,0,0,6,6,0,2026-09-25,2.0,100.0,74.777
reserve,sumedang,shortwave_radiation_sum,3195,0,0,6,6,0,2026-09-25,4.11,27.81,18.0949
reserve,sumedang,vapour_pressure_deficit_max,3195,0,0,4,4,0,2026-09-27,0.09,4.23,1.5541
reserve,sumedang,relative_humidity_2m_min,3195,0,0,4,4,0,2026-09-27,16.0,97.0,61.6105
reserve,sumedang,relative_humidity_2m_max,3195,0,0,4,4,0,2026-09-27,65.0,100.0,94.8511
reserve,demak,cloud_cover_mean,3195,0,0,6,6,0,2026-09-25,0.0,100.0,73.2781
reserve,demak,wind_speed_10m_max,3195,0,0,5,4,1,2026-09-25,1.12,8.1,2.8611
reserve,demak,wind_speed_10m_mean,3195,0,0,6,6,0,2026-09-25,0.44,5.59,1.6467
reserve,demak,soil_moisture_0_to_7cm_mean,3195,0,0,4,4,0,2026-09-27,0.188,0.47,0.3548
reserve,demak,soil_moisture_28_to_100cm_mean,3195,0,0,4,4,0,2026-09-27,0.225,0.476,0.3653
reserve,demak,soil_temperature_0_to_7cm_mean,3195,0,0,4,4,0,2026-09-27,24.8,34.2,28.6281
reserve,demak,rain_sum,3195,0,0,6,6,0,2026-09-25,0.0,169.6,5.6131
reserve,temanggung,relative_humidity_2m_max,3195,0,0,4,4,0,2026-09-27,85.0,100.0,97.0307
reserve,temanggung,relative_humidity_2m_min,3195,0,0,4,4,0,2026-09-27,24.0,96.0,67.2444
reserve,temanggung,vapour_pressure_deficit_max,3195,0,0,4,4,0,2026-09-27,0.11,3.6,1.2198
reserve,temanggung,shortwave_radiation_sum,3195,0,0,6,6,0,2026-09-25,2.23,27.63,17.6918
reserve,temanggung,cloud_cover_mean,3195,0,0,6,6,0,2026-09-25,6.0,100.0,78.4428
reserve,temanggung,wind_speed_10m_max,3195,0,0,5,4,1,2026-09-25,0.78,6.54,1.8471
reserve,temanggung,wind_speed_10m_mean,3195,0,0,6,6,0,2026-09-25,0.37,3.41,1.0282
reserve,temanggung,soil_moisture_0_to_7cm_mean,3195,0,0,4,4,0,2026-09-27,0.18,0.453,0.3579
reserve,sumedang,wind_speed_10m_mean,3195,0,0,6,6,0,2026-09-25,0.54,3.58,1.2851
reserve,temanggung,soil_temperature_0_to_7cm_mean,3195,0,0,4,4,0,2026-09-27,21.5,30.0,25.1121
reserve,sumedang,soil_moisture_0_to_7cm_mean,3195,0,0,4,4,0,2026-09-27,0.227,0.488,0.3916
reserve,sumedang,soil_temperature_0_to_7cm_mean,3195,0,0,4,4,0,2026-09-27,22.0,29.6,25.1451
reserve,magelang,cloud_cover_mean,3195,0,0,6,6,0,2026-09-25,3.0,100.0,83.5795
reserve,magelang,shortwave_radiation_sum,3195,0,0,6,6,0,2026-09-25,0.84,27.2,17.4353
reserve,magelang,vapour_pressure_deficit_max,3195,0,0,4,4,0,2026-09-27,0.1,3.27,1.1826
reserve,magelang,relative_humidity_2m_min,3195,0,0,4,4,0,2026-09-27,31.0,96.0,68.9483
reserve,magelang,relative_humidity_2m_max,3195,0,0,4,4,0,2026-09-27,89.0,100.0,99.2573
reserve,subang,relative_humidity_2m_max,3195,0,0,4,4,0,2026-09-27,68.0,100.0,95.6775
reserve,subang,relative_humidity_2m_min,3195,0,0,4,4,0,2026-09-27,19.0,95.0,62.45
reserve,subang,vapour_pressure_deficit_max,3195,0,0,4,4,0,2026-09-27,0.15,5.46,1.7336
reserve,subang,shortwave_radiation_sum,3195,0,0,6,6,0,2026-09-25,2.09,28.2,18.9186
reserve,subang,cloud_cover_mean,3195,0,0,6,6,0,2026-09-25,1.0,100.0,74.5118
reserve,subang,wind_speed_10m_max,3195,0,0,5,4,1,2026-09-25,1.05,6.64,3.0321
reserve,subang,wind_speed_10m_mean,3195,0,0,6,6,0,2026-09-25,0.6,4.13,1.5564
reserve,subang,soil_moisture_0_to_7cm_mean,3195,0,0,4,4,0,2026-09-27,0.246,0.507,0.4122
reserve,subang,soil_moisture_28_to_100cm_mean,3195,0,0,4,4,0,2026-09-27,0.281,0.517,0.4162
reserve,subang,soil_temperature_0_to_7cm_mean,3195,0,0,4,4,0,2026-09-27,24.1,33.6,27.8188
reserve,subang,rain_sum,3195,0,0,6,6,0,2026-09-25,0.0,168.6,6.6178
reserve,demak,relative_humidity_2m_max,3195,0,0,4,4,0,2026-09-27,65.0,100.0,92.1699
reserve,demak,relative_humidity_2m_min,3195,0,0,4,4,0,2026-09-27,20.0,95.0,59.0489
reserve,demak,vapour_pressure_deficit_max,3195,0,0,4,4,0,2026-09-27,0.15,5.13,1.9998
reserve,demak,shortwave_radiation_sum,3195,0,0,6,6,0,2026-09-25,3.28,27.82,19.4074
reserve,sumedang,rain_sum,3195,0,0,6,6,0,2026-09-25,0.0,181.0,7.352
reserve,sumedang,soil_moisture_28_to_100cm_mean,3195,0,0,4,4,0,2026-09-27,0.263,0.498,0.4021
reserve,garut,relative_humidity_2m_min,3195,0,0,4,4,0,2026-09-27,31.0,92.0,71.969
reserve,cirebon,relative_humidity_2m_max,3195,0,0,4,4,0,2026-09-27,70.0,99.0,88.8411
