comcat_id,date,weekday,common_all_commodities
com_14,2019-01-01,Tuesday,True
com_14,2019-02-05,Tuesday,True
com_14,2019-03-07,Thursday,True
com_14,2019-04-03,Wednesday,True
com_14,2019-04-17,Wednesday,True
com_14,2019-04-19,Friday,True
com_14,2019-05-01,Wednesday,True
com_14,2019-05-30,Thursday,True
com_14,2019-06-05,Wednesday,True
com_14,2019-06-06,Thursday,True
com_14,2019-06-07,Friday,True
com_14,2019-12-09,Monday,True
com_14,2019-12-24,Tuesday,True
com_14,2019-12-25,Wednesday,True
com_14,2020-01-01,Wednesday,True
com_14,2020-03-25,Wednesday,True
com_14,2020-04-10,Friday,True
com_14,2020-05-01,Friday,True
com_14,2020-05-07,Thursday,True
com_14,2020-05-21,Thursday,True
com_14,2020-05-22,Friday,True
com_14,2020-05-25,Monday,True
com_14,2020-06-01,Monday,True
com_14,2020-07-31,Friday,True
com_14,2020-08-17,Monday,True
com_14,2020-08-20,Thursday,True
com_14,2020-08-21,Friday,True
com_14,2020-10-28,Wednesday,True
com_14,2020-10-29,Thursday,True
com_14,2020-10-30,Friday,True
com_14,2020-12-09,Wednesday,True
com_14,2020-12-24,Thursday,True
com_14,2020-12-25,Friday,True
com_14,2020-12-31,Thursday,True
com_14,2021-01-01,Friday,True
com_14,2021-02-12,Friday,True
com_14,2021-03-11,Thursday,True
com_14,2021-04-02,Friday,True
com_14,2021-05-12,Wednesday,True
com_14,2021-05-13,Thursday,True
com_14,2021-05-14,Friday,True
com_14,2021-05-26,Wednesday,True
com_14,2021-06-01,Tuesday,True
com_14,2021-07-20,Tuesday,True
com_14,2021-08-11,Wednesday,True
com_14,2021-08-17,Tuesday,True
com_14,2021-10-20,Wednesday,True
com_14,2022-02-01,Tuesday,True
com_14,2022-02-28,Monday,True
com_14,2022-03-03,Thursday,True
com_14,2022-04-15,Friday,True
com_14,2022-04-29,Friday,True
com_14,2022-05-02,Monday,True
com_14,2022-05-03,Tuesday,True
com_14,2022-05-04,Wednesday,True
com_14,2022-05-05,Thursday,True
com_14,2022-05-06,Friday,True
com_14,2022-05-16,Monday,True
com_14,2022-05-26,Thursday,True
com_14,2022-06-01,Wednesday,True
com_14,2022-08-17,Wednesday,True
com_14,2023-05-01,Monday,True
com_14,2023-07-19,Wednesday,True
com_14,2023-12-25,Monday,True
com_14,2023-12-26,Tuesday,True
com_14,2024-01-01,Monday,True
com_14,2024-02-09,Friday,True
com_14,2024-07-04,Thursday,True
com_14,2025-01-01,Wednesday,True
com_11,2019-01-01,Tuesday,True
com_11,2019-02-05,Tuesday,True
com_11,2019-03-07,Thursday,True
com_11,2019-04-03,Wednesday,True
com_11,2019-04-17,Wednesday,True
com_11,2019-04-19,Friday,True
com_11,2019-05-01,Wednesday,True
com_11,2019-05-30,Thursday,True
com_11,2019-06-05,Wednesday,True
com_11,2019-06-06,Thursday,True
com_11,2019-06-07,Friday,True
com_11,2019-12-09,Monday,True
com_11,2019-12-24,Tuesday,True
com_11,2019-12-25,Wednesday,True
com_11,2020-01-01,Wednesday,True
com_11,2020-03-25,Wednesday,True
com_11,2020-04-10,Friday,True
com_11,2020-05-01,Friday,True
com_11,2020-05-07,Thursday,True
com_11,2020-05-21,Thursday,True
com_11,2020-05-22,Friday,True
com_11,2020-05-25,Monday,True
com_11,2020-06-01,Monday,True
com_11,2020-07-31,Friday,True
com_11,2020-08-17,Monday,True
com_11,2020-08-20,Thursday,True
com_11,2020-08-21,Friday,True
com_11,2020-10-28,Wednesday,True
com_11,2020-10-29,Thursday,True
com_11,2020-10-30,Friday,True
com_11,2020-12-09,Wednesday,True
com_11,2020-12-24,Thursday,True
com_11,2020-12-25,Friday,True
com_11,2020-12-31,Thursday,True
com_11,2021-01-01,Friday,True
com_11,2021-02-12,Friday,True
com_11,2021-03-11,Thursday,True
com_11,2021-04-02,Friday,True
com_11,2021-05-12,Wednesday,True
com_11,2021-05-13,Thursday,True
com_11,2021-05-14,Friday,True
com_11,2021-05-26,Wednesday,True
com_11,2021-06-01,Tuesday,True
com_11,2021-07-20,Tuesday,True
com_11,2021-08-11,Wednesday,True
com_11,2021-08-17,Tuesday,True
com_11,2021-10-20,Wednesday,True
com_11,2022-02-01,Tuesday,True
com_11,2022-02-28,Monday,True
com_11,2022-03-03,Thursday,True
com_11,2022-04-15,Friday,True
com_11,2022-04-29,Friday,True
com_11,2022-05-02,Monday,True
com_11,2022-05-03,Tuesday,True
com_11,2022-05-04,Wednesday,True
com_11,2022-05-05,Thursday,True
com_11,2022-05-06,Friday,True
com_11,2022-05-16,Monday,True
com_11,2022-05-26,Thursday,True
com_11,2022-06-01,Wednesday,True
com_11,2022-08-17,Wednesday,True
com_11,2023-05-01,Monday,True
com_11,2023-07-19,Wednesday,True
com_11,2023-12-25,Monday,True
com_11,2023-12-26,Tuesday,True
com_11,2024-01-01,Monday,True
com_11,2024-02-09,Friday,True
com_11,2024-07-04,Thursday,True
com_11,2025-01-01,Wednesday,True
com_3,2019-01-01,Tuesday,True
com_3,2019-02-05,Tuesday,True
com_3,2019-03-07,Thursday,True
com_3,2019-04-03,Wednesday,True
com_3,2019-04-17,Wednesday,True
com_3,2019-04-19,Friday,True
com_3,2019-05-01,Wednesday,True
com_3,2019-05-30,Thursday,True
com_3,2019-06-05,Wednesday,True
com_3,2019-06-06,Thursday,True
com_3,2019-06-07,Friday,True
com_3,2019-12-09,Monday,True
com_3,2019-12-24,Tuesday,True
com_3,2019-12-25,Wednesday,True
com_3,2020-01-01,Wednesday,True
com_3,2020-03-25,Wednesday,True
com_3,2020-04-10,Friday,True
com_3,2020-05-01,Friday,True
com_3,2020-05-07,Thursday,True
com_3,2020-05-21,Thursday,True
com_3,2020-05-22,Friday,True
com_3,2020-05-25,Monday,True
com_3,2020-06-01,Monday,True
com_3,2020-07-31,Friday,True
com_3,2020-08-17,Monday,True
com_3,2020-08-20,Thursday,True
com_3,2020-08-21,Friday,True
com_3,2020-10-28,Wednesday,True
com_3,2020-10-29,Thursday,True
com_3,2020-10-30,Friday,True
com_3,2020-12-09,Wednesday,True
com_3,2020-12-24,Thursday,True
com_3,2020-12-25,Friday,True
com_3,2020-12-31,Thursday,True
com_3,2021-01-01,Friday,True
com_3,2021-02-12,Friday,True
com_3,2021-03-11,Thursday,True
com_3,2021-04-02,Friday,True
com_3,2021-05-12,Wednesday,True
com_3,2021-05-13,Thursday,True
com_3,2021-05-14,Friday,True
com_3,2021-05-26,Wednesday,True
com_3,2021-06-01,Tuesday,True
com_3,2021-07-20,Tuesday,True
com_3,2021-08-11,Wednesday,True
com_3,2021-08-17,Tuesday,True
com_3,2021-10-20,Wednesday,True
com_3,2022-02-01,Tuesday,True
com_3,2022-02-28,Monday,True
com_3,2022-03-03,Thursday,True
com_3,2022-04-15,Friday,True
com_3,2022-04-29,Friday,True
com_3,2022-05-02,Monday,True
com_3,2022-05-03,Tuesday,True
com_3,2022-05-04,Wednesday,True
com_3,2022-05-05,Thursday,True
com_3,2022-05-06,Friday,True
com_3,2022-05-16,Monday,True
com_3,2022-05-26,Thursday,True
com_3,2022-06-01,Wednesday,True
com_3,2022-08-17,Wednesday,True
com_3,2023-05-01,Monday,True
com_3,2023-07-19,Wednesday,True
com_3,2023-12-25,Monday,True
com_3,2023-12-26,Tuesday,True
com_3,2024-01-01,Monday,True
com_3,2024-02-09,Friday,True
com_3,2024-07-04,Thursday,True
com_3,2025-01-01,Wednesday,True
