commodity,start_date,end_date,observed_dates,expected_weekdays,weekday_coverage_pct,missing_weekdays,first_observed,last_observed,non_missing_price_count,min_price_rp_per_kg,max_price_rp_per_kg,median_not_calculated
Bawang Merah Ukuran Sedang,2022-01-01,2026-09-29,1237,1237,100.0,0,2022-01-03,2026-09-29,1215,30000.0,82500.0,see Phase 1 audit
Bawang Putih Ukuran Sedang,2022-01-01,2026-09-29,1237,1237,100.0,0,2022-01-03,2026-09-29,1215,35000.0,65000.0,see Phase 1 audit
Beras Kualitas Bawah I,2022-01-01,2026-09-29,1237,1237,100.0,0,2022-01-03,2026-09-29,1215,10500.0,15150.0,see Phase 1 audit
Beras Kualitas Bawah II,2022-01-01,2026-09-29,1237,1237,100.0,0,2022-01-03,2026-09-29,1215,9800.0,14550.0,see Phase 1 audit
Beras Kualitas Medium I,2022-01-01,2026-09-29,1237,1237,100.0,0,2022-01-03,2026-09-29,1215,11950.0,16100.0,see Phase 1 audit
Beras Kualitas Medium II,2022-01-01,2026-09-29,1237,1237,100.0,0,2022-01-03,2026-09-29,1215,11100.0,15500.0,see Phase 1 audit
Beras Kualitas Super I,2022-01-01,2026-09-29,1237,1237,100.0,0,2022-01-03,2026-09-29,1215,14700.0,22250.0,see Phase 1 audit
Beras Kualitas Super II,2022-01-01,2026-09-29,1237,1237,100.0,0,2022-01-03,2026-09-29,1215,13400.0,18200.0,see Phase 1 audit
Cabai Merah Besar,2022-01-01,2026-09-29,1237,1237,100.0,0,2022-01-03,2026-09-29,1215,35000.0,150000.0,see Phase 1 audit
Cabai Merah Keriting,2022-01-01,2026-09-29,1237,1237,100.0,0,2022-01-03,2026-09-29,1215,30000.0,150000.0,see Phase 1 audit
Cabai Rawit Hijau,2022-01-01,2026-09-29,1237,1237,100.0,0,2022-01-03,2026-09-29,1215,30000.0,100000.0,see Phase 1 audit
Cabai Rawit Merah,2022-01-01,2026-09-29,1237,1237,100.0,0,2022-01-03,2026-09-29,1215,37500.0,153750.0,see Phase 1 audit
