chunk,request_url,http_status,raw_file,raw_sha256,raw_bytes,n_commodities,recaps_per_target,check,error,collected_at_utc
2019-01,https://infopangan.jakarta.go.id/api2/v1/public/report?filterBy=market&Id=12&yearMonth=2019-01,200,data/raw/ipj/2019-01.json,4ad9c5fc131e8ed5dfbec2067fdc9294532c29cd55159162da054fe0146ae1e7,5082,45,com_14:0|com_11:0|com_3:0,OK_EMPTY,,2026-10-03T12:34:46Z
2019-02,https://infopangan.jakarta.go.id/api2/v1/public/report?filterBy=market&Id=12&yearMonth=2019-02,200,data/raw/ipj/2019-02.json,4ad9c5fc131e8ed5dfbec2067fdc9294532c29cd55159162da054fe0146ae1e7,5082,45,com_14:0|com_11:0|com_3:0,OK_EMPTY,,2026-10-03T12:34:48Z
2019-03,https://infopangan.jakarta.go.id/api2/v1/public/report?filterBy=market&Id=12&yearMonth=2019-03,200,data/raw/ipj/2019-03.json,4ad9c5fc131e8ed5dfbec2067fdc9294532c29cd55159162da054fe0146ae1e7,5082,45,com_14:0|com_11:0|com_3:0,OK_EMPTY,,2026-10-03T12:34:50Z
2019-04,https://infopangan.jakarta.go.id/api2/v1/public/report?filterBy=market&Id=12&yearMonth=2019-04,200,data/raw/ipj/2019-04.json,4ad9c5fc131e8ed5dfbec2067fdc9294532c29cd55159162da054fe0146ae1e7,5082,45,com_14:0|com_11:0|com_3:0,OK_EMPTY,,2026-10-03T12:34:51Z
2019-05,https://infopangan.jakarta.go.id/api2/v1/public/report?filterBy=market&Id=12&yearMonth=2019-05,200,data/raw/ipj/2019-05.json,4ad9c5fc131e8ed5dfbec2067fdc9294532c29cd55159162da054fe0146ae1e7,5082,45,com_14:0|com_11:0|com_3:0,OK_EMPTY,,2026-10-03T12:34:53Z
2019-06,https://infopangan.jakarta.go.id/api2/v1/public/report?filterBy=market&Id=12&yearMonth=2019-06,200,data/raw/ipj/2019-06.json,4ad9c5fc131e8ed5dfbec2067fdc9294532c29cd55159162da054fe0146ae1e7,5082,45,com_14:0|com_11:0|com_3:0,OK_EMPTY,,2026-10-03T12:34:54Z
2019-07,https://infopangan.jakarta.go.id/api2/v1/public/report?filterBy=market&Id=12&yearMonth=2019-07,200,data/raw/ipj/2019-07.json,4ad9c5fc131e8ed5dfbec2067fdc9294532c29cd55159162da054fe0146ae1e7,5082,45,com_14:0|com_11:0|com_3:0,OK_EMPTY,,2026-10-03T12:34:56Z
2019-08,https://infopangan.jakarta.go.id/api2/v1/public/report?filterBy=market&Id=12&yearMonth=2019-08,200,data/raw/ipj/2019-08.json,4ad9c5fc131e8ed5dfbec2067fdc9294532c29cd55159162da054fe0146ae1e7,5082,45,com_14:0|com_11:0|com_3:0,OK_EMPTY,,2026-10-03T12:34:58Z
2019-09,https://infopangan.jakarta.go.id/api2/v1/public/report?filterBy=market&Id=12&yearMonth=2019-09,200,data/raw/ipj/2019-09.json,4ad9c5fc131e8ed5dfbec2067fdc9294532c29cd55159162da054fe0146ae1e7,5082,45,com_14:0|com_11:0|com_3:0,OK_EMPTY,,2026-10-03T12:34:59Z
2019-10,https://infopangan.jakarta.go.id/api2/v1/public/report?filterBy=market&Id=12&yearMonth=2019-10,200,data/raw/ipj/2019-10.json,4ad9c5fc131e8ed5dfbec2067fdc9294532c29cd55159162da054fe0146ae1e7,5082,45,com_14:0|com_11:0|com_3:0,OK_EMPTY,,2026-10-03T12:35:01Z
2019-11,https://infopangan.jakarta.go.id/api2/v1/public/report?filterBy=market&Id=12&yearMonth=2019-11,200,data/raw/ipj/2019-11.json,4ad9c5fc131e8ed5dfbec2067fdc9294532c29cd55159162da054fe0146ae1e7,5082,45,com_14:0|com_11:0|com_3:0,OK_EMPTY,,2026-10-03T12:35:02Z
2019-12,https://infopangan.jakarta.go.id/api2/v1/public/report?filterBy=market&Id=12&yearMonth=2019-12,200,data/raw/ipj/2019-12.json,4ad9c5fc131e8ed5dfbec2067fdc9294532c29cd55159162da054fe0146ae1e7,5082,45,com_14:0|com_11:0|com_3:0,OK_EMPTY,,2026-10-03T12:35:04Z
2020-01,https://infopangan.jakarta.go.id/api2/v1/public/report?filterBy=market&Id=12&yearMonth=2020-01,200,data/raw/ipj/2020-01.json,4ad9c5fc131e8ed5dfbec2067fdc9294532c29cd55159162da054fe0146ae1e7,5082,45,com_14:0|com_11:0|com_3:0,OK_EMPTY,,2026-10-03T12:35:06Z
2020-02,https://infopangan.jakarta.go.id/api2/v1/public/report?filterBy=market&Id=12&yearMonth=2020-02,200,data/raw/ipj/2020-02.json,4ad9c5fc131e8ed5dfbec2067fdc9294532c29cd55159162da054fe0146ae1e7,5082,45,com_14:0|com_11:0|com_3:0,OK_EMPTY,,2026-10-03T12:35:07Z
2020-03,https://infopangan.jakarta.go.id/api2/v1/public/report?filterBy=market&Id=12&yearMonth=2020-03,200,data/raw/ipj/2020-03.json,4ad9c5fc131e8ed5dfbec2067fdc9294532c29cd55159162da054fe0146ae1e7,5082,45,com_14:0|com_11:0|com_3:0,OK_EMPTY,,2026-10-03T12:35:09Z
2020-04,https://infopangan.jakarta.go.id/api2/v1/public/report?filterBy=market&Id=12&yearMonth=2020-04,200,data/raw/ipj/2020-04.json,4ad9c5fc131e8ed5dfbec2067fdc9294532c29cd55159162da054fe0146ae1e7,5082,45,com_14:0|com_11:0|com_3:0,OK_EMPTY,,2026-10-03T12:35:10Z
2020-05,https://infopangan.jakarta.go.id/api2/v1/public/report?filterBy=market&Id=12&yearMonth=2020-05,200,data/raw/ipj/2020-05.json,4ad9c5fc131e8ed5dfbec2067fdc9294532c29cd55159162da054fe0146ae1e7,5082,45,com_14:0|com_11:0|com_3:0,OK_EMPTY,,2026-10-03T12:35:12Z
2020-06,https://infopangan.jakarta.go.id/api2/v1/public/report?filterBy=market&Id=12&yearMonth=2020-06,200,data/raw/ipj/2020-06.json,4ad9c5fc131e8ed5dfbec2067fdc9294532c29cd55159162da054fe0146ae1e7,5082,45,com_14:0|com_11:0|com_3:0,OK_EMPTY,,2026-10-03T12:35:13Z
2020-07,https://infopangan.jakarta.go.id/api2/v1/public/report?filterBy=market&Id=12&yearMonth=2020-07,200,data/raw/ipj/2020-07.json,4ad9c5fc131e8ed5dfbec2067fdc9294532c29cd55159162da054fe0146ae1e7,5082,45,com_14:0|com_11:0|com_3:0,OK_EMPTY,,2026-10-03T12:35:15Z
2020-08,https://infopangan.jakarta.go.id/api2/v1/public/report?filterBy=market&Id=12&yearMonth=2020-08,200,data/raw/ipj/2020-08.json,4ad9c5fc131e8ed5dfbec2067fdc9294532c29cd55159162da054fe0146ae1e7,5082,45,com_14:0|com_11:0|com_3:0,OK_EMPTY,,2026-10-03T12:35:17Z
2020-09,https://infopangan.jakarta.go.id/api2/v1/public/report?filterBy=market&Id=12&yearMonth=2020-09,200,data/raw/ipj/2020-09.json,4ad9c5fc131e8ed5dfbec2067fdc9294532c29cd55159162da054fe0146ae1e7,5082,45,com_14:0|com_11:0|com_3:0,OK_EMPTY,,2026-10-03T12:35:18Z
2020-10,https://infopangan.jakarta.go.id/api2/v1/public/report?filterBy=market&Id=12&yearMonth=2020-10,200,data/raw/ipj/2020-10.json,4ad9c5fc131e8ed5dfbec2067fdc9294532c29cd55159162da054fe0146ae1e7,5082,45,com_14:0|com_11:0|com_3:0,OK_EMPTY,,2026-10-03T12:35:20Z
2020-11,https://infopangan.jakarta.go.id/api2/v1/public/report?filterBy=market&Id=12&yearMonth=2020-11,200,data/raw/ipj/2020-11.json,4ad9c5fc131e8ed5dfbec2067fdc9294532c29cd55159162da054fe0146ae1e7,5082,45,com_14:0|com_11:0|com_3:0,OK_EMPTY,,2026-10-03T12:35:21Z
2020-12,https://infopangan.jakarta.go.id/api2/v1/public/report?filterBy=market&Id=12&yearMonth=2020-12,200,data/raw/ipj/2020-12.json,4ad9c5fc131e8ed5dfbec2067fdc9294532c29cd55159162da054fe0146ae1e7,5082,45,com_14:0|com_11:0|com_3:0,OK_EMPTY,,2026-10-03T12:35:23Z
2021-01,https://infopangan.jakarta.go.id/api2/v1/public/report?filterBy=market&Id=12&yearMonth=2021-01,200,data/raw/ipj/2021-01.json,4ad9c5fc131e8ed5dfbec2067fdc9294532c29cd55159162da054fe0146ae1e7,5082,45,com_14:0|com_11:0|com_3:0,OK_EMPTY,,2026-10-03T12:35:26Z
2021-02,https://infopangan.jakarta.go.id/api2/v1/public/report?filterBy=market&Id=12&yearMonth=2021-02,200,data/raw/ipj/2021-02.json,4ad9c5fc131e8ed5dfbec2067fdc9294532c29cd55159162da054fe0146ae1e7,5082,45,com_14:0|com_11:0|com_3:0,OK_EMPTY,,2026-10-03T12:35:27Z
2021-03,https://infopangan.jakarta.go.id/api2/v1/public/report?filterBy=market&Id=12&yearMonth=2021-03,200,data/raw/ipj/2021-03.json,4ad9c5fc131e8ed5dfbec2067fdc9294532c29cd55159162da054fe0146ae1e7,5082,45,com_14:0|com_11:0|com_3:0,OK_EMPTY,,2026-10-03T12:35:29Z
2021-04,https://infopangan.jakarta.go.id/api2/v1/public/report?filterBy=market&Id=12&yearMonth=2021-04,200,data/raw/ipj/2021-04.json,4ad9c5fc131e8ed5dfbec2067fdc9294532c29cd55159162da054fe0146ae1e7,5082,45,com_14:0|com_11:0|com_3:0,OK_EMPTY,,2026-10-03T12:35:30Z
2021-05,https://infopangan.jakarta.go.id/api2/v1/public/report?filterBy=market&Id=12&yearMonth=2021-05,200,data/raw/ipj/2021-05.json,4ad9c5fc131e8ed5dfbec2067fdc9294532c29cd55159162da054fe0146ae1e7,5082,45,com_14:0|com_11:0|com_3:0,OK_EMPTY,,2026-10-03T12:35:32Z
2021-06,https://infopangan.jakarta.go.id/api2/v1/public/report?filterBy=market&Id=12&yearMonth=2021-06,200,data/raw/ipj/2021-06.json,4ad9c5fc131e8ed5dfbec2067fdc9294532c29cd55159162da054fe0146ae1e7,5082,45,com_14:0|com_11:0|com_3:0,OK_EMPTY,,2026-10-03T12:35:34Z
2021-07,https://infopangan.jakarta.go.id/api2/v1/public/report?filterBy=market&Id=12&yearMonth=2021-07,200,data/raw/ipj/2021-07.json,4ad9c5fc131e8ed5dfbec2067fdc9294532c29cd55159162da054fe0146ae1e7,5082,45,com_14:0|com_11:0|com_3:0,OK_EMPTY,,2026-10-03T12:35:35Z
2021-08,https://infopangan.jakarta.go.id/api2/v1/public/report?filterBy=market&Id=12&yearMonth=2021-08,200,data/raw/ipj/2021-08.json,4ad9c5fc131e8ed5dfbec2067fdc9294532c29cd55159162da054fe0146ae1e7,5082,45,com_14:0|com_11:0|com_3:0,OK_EMPTY,,2026-10-03T12:35:37Z
2021-09,https://infopangan.jakarta.go.id/api2/v1/public/report?filterBy=market&Id=12&yearMonth=2021-09,200,data/raw/ipj/2021-09.json,4ad9c5fc131e8ed5dfbec2067fdc9294532c29cd55159162da054fe0146ae1e7,5082,45,com_14:0|com_11:0|com_3:0,OK_EMPTY,,2026-10-03T12:35:39Z
2021-10,https://infopangan.jakarta.go.id/api2/v1/public/report?filterBy=market&Id=12&yearMonth=2021-10,200,data/raw/ipj/2021-10.json,4ad9c5fc131e8ed5dfbec2067fdc9294532c29cd55159162da054fe0146ae1e7,5082,45,com_14:0|com_11:0|com_3:0,OK_EMPTY,,2026-10-03T12:35:40Z
2021-11,https://infopangan.jakarta.go.id/api2/v1/public/report?filterBy=market&Id=12&yearMonth=2021-11,200,data/raw/ipj/2021-11.json,4ad9c5fc131e8ed5dfbec2067fdc9294532c29cd55159162da054fe0146ae1e7,5082,45,com_14:0|com_11:0|com_3:0,OK_EMPTY,,2026-10-03T12:35:42Z
2021-12,https://infopangan.jakarta.go.id/api2/v1/public/report?filterBy=market&Id=12&yearMonth=2021-12,200,data/raw/ipj/2021-12.json,4ad9c5fc131e8ed5dfbec2067fdc9294532c29cd55159162da054fe0146ae1e7,5082,45,com_14:0|com_11:0|com_3:0,OK_EMPTY,,2026-10-03T12:35:43Z
2022-01,https://infopangan.jakarta.go.id/api2/v1/public/report?filterBy=market&Id=12&yearMonth=2022-01,200,data/raw/ipj/2022-01.json,4ad9c5fc131e8ed5dfbec2067fdc9294532c29cd55159162da054fe0146ae1e7,5082,45,com_14:0|com_11:0|com_3:0,OK_EMPTY,,2026-10-03T12:35:46Z
2022-02,https://infopangan.jakarta.go.id/api2/v1/public/report?filterBy=market&Id=12&yearMonth=2022-02,200,data/raw/ipj/2022-02.json,4ad9c5fc131e8ed5dfbec2067fdc9294532c29cd55159162da054fe0146ae1e7,5082,45,com_14:0|com_11:0|com_3:0,OK_EMPTY,,2026-10-03T12:35:49Z
2022-03,https://infopangan.jakarta.go.id/api2/v1/public/report?filterBy=market&Id=12&yearMonth=2022-03,200,data/raw/ipj/2022-03.json,4ad9c5fc131e8ed5dfbec2067fdc9294532c29cd55159162da054fe0146ae1e7,5082,45,com_14:0|com_11:0|com_3:0,OK_EMPTY,,2026-10-03T12:35:50Z
2022-04,https://infopangan.jakarta.go.id/api2/v1/public/report?filterBy=market&Id=12&yearMonth=2022-04,200,data/raw/ipj/2022-04.json,4ad9c5fc131e8ed5dfbec2067fdc9294532c29cd55159162da054fe0146ae1e7,5082,45,com_14:0|com_11:0|com_3:0,OK_EMPTY,,2026-10-03T12:35:52Z
2022-05,https://infopangan.jakarta.go.id/api2/v1/public/report?filterBy=market&Id=12&yearMonth=2022-05,200,data/raw/ipj/2022-05.json,4ad9c5fc131e8ed5dfbec2067fdc9294532c29cd55159162da054fe0146ae1e7,5082,45,com_14:0|com_11:0|com_3:0,OK_EMPTY,,2026-10-03T12:35:53Z
2022-06,https://infopangan.jakarta.go.id/api2/v1/public/report?filterBy=market&Id=12&yearMonth=2022-06,200,data/raw/ipj/2022-06.json,4ad9c5fc131e8ed5dfbec2067fdc9294532c29cd55159162da054fe0146ae1e7,5082,45,com_14:0|com_11:0|com_3:0,OK_EMPTY,,2026-10-03T12:35:55Z
2022-07,https://infopangan.jakarta.go.id/api2/v1/public/report?filterBy=market&Id=12&yearMonth=2022-07,200,data/raw/ipj/2022-07.json,4ad9c5fc131e8ed5dfbec2067fdc9294532c29cd55159162da054fe0146ae1e7,5082,45,com_14:0|com_11:0|com_3:0,OK_EMPTY,,2026-10-03T12:35:57Z
2022-08,https://infopangan.jakarta.go.id/api2/v1/public/report?filterBy=market&Id=12&yearMonth=2022-08,200,data/raw/ipj/2022-08.json,4ad9c5fc131e8ed5dfbec2067fdc9294532c29cd55159162da054fe0146ae1e7,5082,45,com_14:0|com_11:0|com_3:0,OK_EMPTY,,2026-10-03T12:35:58Z
2022-09,https://infopangan.jakarta.go.id/api2/v1/public/report?filterBy=market&Id=12&yearMonth=2022-09,200,data/raw/ipj/2022-09.json,4ad9c5fc131e8ed5dfbec2067fdc9294532c29cd55159162da054fe0146ae1e7,5082,45,com_14:0|com_11:0|com_3:0,OK_EMPTY,,2026-10-03T12:36:01Z
2022-10,https://infopangan.jakarta.go.id/api2/v1/public/report?filterBy=market&Id=12&yearMonth=2022-10,200,data/raw/ipj/2022-10.json,4ad9c5fc131e8ed5dfbec2067fdc9294532c29cd55159162da054fe0146ae1e7,5082,45,com_14:0|com_11:0|com_3:0,OK_EMPTY,,2026-10-03T12:36:02Z
2022-11,https://infopangan.jakarta.go.id/api2/v1/public/report?filterBy=market&Id=12&yearMonth=2022-11,200,data/raw/ipj/2022-11.json,4ad9c5fc131e8ed5dfbec2067fdc9294532c29cd55159162da054fe0146ae1e7,5082,45,com_14:0|com_11:0|com_3:0,OK_EMPTY,,2026-10-03T12:36:04Z
2022-12,https://infopangan.jakarta.go.id/api2/v1/public/report?filterBy=market&Id=12&yearMonth=2022-12,200,data/raw/ipj/2022-12.json,4ad9c5fc131e8ed5dfbec2067fdc9294532c29cd55159162da054fe0146ae1e7,5082,45,com_14:0|com_11:0|com_3:0,OK_EMPTY,,2026-10-03T12:36:06Z
2023-01,https://infopangan.jakarta.go.id/api2/v1/public/report?filterBy=market&Id=12&yearMonth=2023-01,200,data/raw/ipj/2023-01.json,4ad9c5fc131e8ed5dfbec2067fdc9294532c29cd55159162da054fe0146ae1e7,5082,45,com_14:0|com_11:0|com_3:0,OK_EMPTY,,2026-10-03T12:36:07Z
2023-02,https://infopangan.jakarta.go.id/api2/v1/public/report?filterBy=market&Id=12&yearMonth=2023-02,200,data/raw/ipj/2023-02.json,4ad9c5fc131e8ed5dfbec2067fdc9294532c29cd55159162da054fe0146ae1e7,5082,45,com_14:0|com_11:0|com_3:0,OK_EMPTY,,2026-10-03T12:36:09Z
2023-03,https://infopangan.jakarta.go.id/api2/v1/public/report?filterBy=market&Id=12&yearMonth=2023-03,200,data/raw/ipj/2023-03.json,4ad9c5fc131e8ed5dfbec2067fdc9294532c29cd55159162da054fe0146ae1e7,5082,45,com_14:0|com_11:0|com_3:0,OK_EMPTY,,2026-10-03T12:36:10Z
2023-04,https://infopangan.jakarta.go.id/api2/v1/public/report?filterBy=market&Id=12&yearMonth=2023-04,200,data/raw/ipj/2023-04.json,4ad9c5fc131e8ed5dfbec2067fdc9294532c29cd55159162da054fe0146ae1e7,5082,45,com_14:0|com_11:0|com_3:0,OK_EMPTY,,2026-10-03T12:36:12Z
2023-05,https://infopangan.jakarta.go.id/api2/v1/public/report?filterBy=market&Id=12&yearMonth=2023-05,200,data/raw/ipj/2023-05.json,4ad9c5fc131e8ed5dfbec2067fdc9294532c29cd55159162da054fe0146ae1e7,5082,45,com_14:0|com_11:0|com_3:0,OK_EMPTY,,2026-10-03T12:36:14Z
2023-06,https://infopangan.jakarta.go.id/api2/v1/public/report?filterBy=market&Id=12&yearMonth=2023-06,200,data/raw/ipj/2023-06.json,4ad9c5fc131e8ed5dfbec2067fdc9294532c29cd55159162da054fe0146ae1e7,5082,45,com_14:0|com_11:0|com_3:0,OK_EMPTY,,2026-10-03T12:36:15Z
2023-07,https://infopangan.jakarta.go.id/api2/v1/public/report?filterBy=market&Id=12&yearMonth=2023-07,200,data/raw/ipj/2023-07.json,4ad9c5fc131e8ed5dfbec2067fdc9294532c29cd55159162da054fe0146ae1e7,5082,45,com_14:0|com_11:0|com_3:0,OK_EMPTY,,2026-10-03T12:36:17Z
2023-08,https://infopangan.jakarta.go.id/api2/v1/public/report?filterBy=market&Id=12&yearMonth=2023-08,200,data/raw/ipj/2023-08.json,4ad9c5fc131e8ed5dfbec2067fdc9294532c29cd55159162da054fe0146ae1e7,5082,45,com_14:0|com_11:0|com_3:0,OK_EMPTY,,2026-10-03T12:36:18Z
2023-09,https://infopangan.jakarta.go.id/api2/v1/public/report?filterBy=market&Id=12&yearMonth=2023-09,200,data/raw/ipj/2023-09.json,4ad9c5fc131e8ed5dfbec2067fdc9294532c29cd55159162da054fe0146ae1e7,5082,45,com_14:0|com_11:0|com_3:0,OK_EMPTY,,2026-10-03T12:36:20Z
2023-10,https://infopangan.jakarta.go.id/api2/v1/public/report?filterBy=market&Id=12&yearMonth=2023-10,200,data/raw/ipj/2023-10.json,4ad9c5fc131e8ed5dfbec2067fdc9294532c29cd55159162da054fe0146ae1e7,5082,45,com_14:0|com_11:0|com_3:0,OK_EMPTY,,2026-10-03T12:36:22Z
2023-11,https://infopangan.jakarta.go.id/api2/v1/public/report?filterBy=market&Id=12&yearMonth=2023-11,200,data/raw/ipj/2023-11.json,4ad9c5fc131e8ed5dfbec2067fdc9294532c29cd55159162da054fe0146ae1e7,5082,45,com_14:0|com_11:0|com_3:0,OK_EMPTY,,2026-10-03T12:36:23Z
2023-12,https://infopangan.jakarta.go.id/api2/v1/public/report?filterBy=market&Id=12&yearMonth=2023-12,200,data/raw/ipj/2023-12.json,4ad9c5fc131e8ed5dfbec2067fdc9294532c29cd55159162da054fe0146ae1e7,5082,45,com_14:0|com_11:0|com_3:0,OK_EMPTY,,2026-10-03T12:36:25Z
2024-01,https://infopangan.jakarta.go.id/api2/v1/public/report?filterBy=market&Id=12&yearMonth=2024-01,200,data/raw/ipj/2024-01.json,9ba0234ca90d1b0ddd93a9ad006026d01fc1979a841cb5e7f653349e78e83031,42309,45,com_14:31|com_11:31|com_3:31,OK,,2026-10-03T12:36:26Z
2024-02,https://infopangan.jakarta.go.id/api2/v1/public/report?filterBy=market&Id=12&yearMonth=2024-02,200,data/raw/ipj/2024-02.json,ec242d728b5d1b98c5e841f61e14e97232925e283c7d581ddd8cc877ef6dab14,39385,45,com_14:29|com_11:29|com_3:14,OK,,2026-10-03T12:36:28Z
2024-03,https://infopangan.jakarta.go.id/api2/v1/public/report?filterBy=market&Id=12&yearMonth=2024-03,200,data/raw/ipj/2024-03.json,dce3ce0755791fc620ce69cc2924d64e00969cf6066599002b868041d9ceb6dd,40937,45,com_14:30|com_11:30|com_3:30,OK,,2026-10-03T12:36:30Z
2024-04,https://infopangan.jakarta.go.id/api2/v1/public/report?filterBy=market&Id=12&yearMonth=2024-04,200,data/raw/ipj/2024-04.json,850292723e48f79332126b0addc37030a3ea708751002088da89bdd02b08cba9,28057,45,com_14:19|com_11:19|com_3:19,OK,,2026-10-03T12:36:31Z
2024-05,https://infopangan.jakarta.go.id/api2/v1/public/report?filterBy=market&Id=12&yearMonth=2024-05,200,data/raw/ipj/2024-05.json,a02e44304a438e5252bff5a15d072b5428134edd1d7c00be68cf9c99b48a61a6,35171,45,com_14:25|com_11:25|com_3:25,OK,,2026-10-03T12:36:33Z
2024-06,https://infopangan.jakarta.go.id/api2/v1/public/report?filterBy=market&Id=12&yearMonth=2024-06,200,data/raw/ipj/2024-06.json,df7c586072242de322b4e2ee6e7b5693e7e1722f484c0f5576205d0cd2b740f0,39874,45,com_14:29|com_11:29|com_3:29,OK,,2026-10-03T12:36:35Z
2024-07,https://infopangan.jakarta.go.id/api2/v1/public/report?filterBy=market&Id=12&yearMonth=2024-07,200,data/raw/ipj/2024-07.json,0328e8a5aac8b60b9b66cf59e6d92f7bbca28649341f2e37c201aac227585885,42248,45,com_14:31|com_11:31|com_3:31,OK,,2026-10-03T12:36:36Z
2024-08,https://infopangan.jakarta.go.id/api2/v1/public/report?filterBy=market&Id=12&yearMonth=2024-08,200,data/raw/ipj/2024-08.json,4078ed7bd73dd1865e0294d3bcc6f67336851ea87654243d22664d0216d49ad6,42197,45,com_14:31|com_11:31|com_3:31,OK,,2026-10-03T12:36:38Z
2024-09,https://infopangan.jakarta.go.id/api2/v1/public/report?filterBy=market&Id=12&yearMonth=2024-09,200,data/raw/ipj/2024-09.json,dd60581d6c8d6685f47cc289ed5e3d5f9ed35432d69a4a6c946cff51c8bd3d45,39902,45,com_14:29|com_11:29|com_3:29,OK,,2026-10-03T12:36:41Z
2024-10,https://infopangan.jakarta.go.id/api2/v1/public/report?filterBy=market&Id=12&yearMonth=2024-10,200,data/raw/ipj/2024-10.json,d1c4cbe08810b1b443ec7100a7fb52821942f2145e60128687a1482d51d4478a,42191,45,com_14:31|com_11:31|com_3:31,OK,,2026-10-03T12:36:43Z
2024-11,https://infopangan.jakarta.go.id/api2/v1/public/report?filterBy=market&Id=12&yearMonth=2024-11,200,data/raw/ipj/2024-11.json,0afb357aec52c2edc7ad31beb8d80cd1810145a2650c1be75bff55ee908de9c0,40974,45,com_14:30|com_11:30|com_3:30,OK,,2026-10-03T12:36:45Z
2024-12,https://infopangan.jakarta.go.id/api2/v1/public/report?filterBy=market&Id=12&yearMonth=2024-12,200,data/raw/ipj/2024-12.json,53523f1b526ba5cca64fcaff5e05997aed83d424ba434ce9991a8fc1864615ba,40702,45,com_14:29|com_11:29|com_3:29,OK,,2026-10-03T12:36:47Z
2025-01,https://infopangan.jakarta.go.id/api2/v1/public/report?filterBy=market&Id=12&yearMonth=2025-01,200,data/raw/ipj/2025-01.json,57fac1575d91f733358447b4f24cedeef76e18e8535c91e3f77269c83fa8a339,41090,45,com_14:30|com_11:30|com_3:30,OK,,2026-10-03T12:36:48Z
2025-02,https://infopangan.jakarta.go.id/api2/v1/public/report?filterBy=market&Id=12&yearMonth=2025-02,200,data/raw/ipj/2025-02.json,d35f470d2ba5f4a55c355a9b96f81aa2a4a441b3e590c22afb6f48b33ce55efc,38493,45,com_14:28|com_11:28|com_3:28,OK,,2026-10-03T12:36:51Z
2025-03,https://infopangan.jakarta.go.id/api2/v1/public/report?filterBy=market&Id=12&yearMonth=2025-03,200,data/raw/ipj/2025-03.json,39e0840c327effa063e46203f643db89fc79eb4868cf4097a99e37052d462669,41171,45,com_14:30|com_11:30|com_3:30,OK,,2026-10-03T12:36:53Z
2025-04,https://infopangan.jakarta.go.id/api2/v1/public/report?filterBy=market&Id=12&yearMonth=2025-04,200,data/raw/ipj/2025-04.json,9bb9818e3b1176aa0a0b5fe4544ffa46c8f3d11400b28eb364ac6e865f3e996e,40008,45,com_14:29|com_11:29|com_3:28,OK,,2026-10-03T12:36:54Z
2025-05,https://infopangan.jakarta.go.id/api2/v1/public/report?filterBy=market&Id=12&yearMonth=2025-05,200,data/raw/ipj/2025-05.json,c851d366304d0a6e1f832b71e51c9a243e8968cb586bb694f069aed0189193ce,42467,45,com_14:31|com_11:31|com_3:31,OK,,2026-10-03T12:36:56Z
2025-06,https://infopangan.jakarta.go.id/api2/v1/public/report?filterBy=market&Id=12&yearMonth=2025-06,200,data/raw/ipj/2025-06.json,14b1e9360973a410a221b154fc8cedb87fecf93f8087998213fd08f79b8b0c5f,41168,45,com_14:30|com_11:30|com_3:30,OK,,2026-10-03T12:36:58Z
2025-07,https://infopangan.jakarta.go.id/api2/v1/public/report?filterBy=market&Id=12&yearMonth=2025-07,200,data/raw/ipj/2025-07.json,ab2b1b6e4e156ed6c1f1d0be57e19f00cc9f97ce787a5c3922c81677f827c716,42469,45,com_14:31|com_11:31|com_3:31,OK,,2026-10-03T12:37:00Z
2025-08,https://infopangan.jakarta.go.id/api2/v1/public/report?filterBy=market&Id=12&yearMonth=2025-08,200,data/raw/ipj/2025-08.json,5271298a8cf8ab5fb30bf8d95ca16bec1c826f1bb6506f96f199c87f4d53765e,42439,45,com_14:31|com_11:31|com_3:31,OK,,2026-10-03T12:37:01Z
2025-09,https://infopangan.jakarta.go.id/api2/v1/public/report?filterBy=market&Id=12&yearMonth=2025-09,200,data/raw/ipj/2025-09.json,2346bcc92031d3a8c40a0eb76987e698044984423b51becc44827377480061e5,41311,45,com_14:30|com_11:30|com_3:30,OK,,2026-10-03T12:37:03Z
2025-10,https://infopangan.jakarta.go.id/api2/v1/public/report?filterBy=market&Id=12&yearMonth=2025-10,200,data/raw/ipj/2025-10.json,bf9cce25f9651688691a355b2faa2e08394c103de3c51e8ead0ceb081f5e5279,42438,45,com_14:31|com_11:31|com_3:31,OK,,2026-10-03T12:37:05Z
2025-11,https://infopangan.jakarta.go.id/api2/v1/public/report?filterBy=market&Id=12&yearMonth=2025-11,200,data/raw/ipj/2025-11.json,208e1f1180db532c08566ac1b63c2707741410070980b416aee78468ea0c2f1a,40122,45,com_14:29|com_11:29|com_3:29,OK,,2026-10-03T12:37:06Z
2025-12,https://infopangan.jakarta.go.id/api2/v1/public/report?filterBy=market&Id=12&yearMonth=2025-12,200,data/raw/ipj/2025-12.json,9f06ec538a3f3d85ef1d739868dd994cb7dfc8b9bef34df48f0162a2504a3179,42313,45,com_14:31|com_11:31|com_3:31,OK,,2026-10-03T12:37:08Z
2026-01,https://infopangan.jakarta.go.id/api2/v1/public/report?filterBy=market&Id=12&yearMonth=2026-01,200,data/raw/ipj/2026-01.json,7ac8063620dacf0366d723df1d2212c01712f8f49d27694584dced97f28e49df,42342,45,com_14:31|com_11:31|com_3:31,OK,,2026-10-03T12:37:10Z
2026-02,https://infopangan.jakarta.go.id/api2/v1/public/report?filterBy=market&Id=12&yearMonth=2026-02,200,data/raw/ipj/2026-02.json,c7dadf3b24506220708818a769865babdc3b035a80cd8ea353684d3eb7548b35,36504,45,com_14:26|com_11:26|com_3:26,OK,,2026-10-03T12:37:11Z
2026-03,https://infopangan.jakarta.go.id/api2/v1/public/report?filterBy=market&Id=12&yearMonth=2026-03,200,data/raw/ipj/2026-03.json,7dc151fc03a0b35fca3de23a84e4d0b3e6d7f778b10525904e1986df725f46ad,38579,45,com_14:28|com_11:28|com_3:27,OK,,2026-10-03T12:37:13Z
2026-04,https://infopangan.jakarta.go.id/api2/v1/public/report?filterBy=market&Id=12&yearMonth=2026-04,200,data/raw/ipj/2026-04.json,feec3e053342448851ed4a1f1f24c116ead71bd2602265a5c7c36be207a18795,40060,45,com_14:29|com_11:29|com_3:29,OK,,2026-10-03T12:37:14Z
2026-05,https://infopangan.jakarta.go.id/api2/v1/public/report?filterBy=market&Id=12&yearMonth=2026-05,200,data/raw/ipj/2026-05.json,5ebd550f17215abe8abe9089936d5c74220897a908f2c1f342174fef9b4b4102,41499,45,com_14:30|com_11:30|com_3:30,OK,,2026-10-03T12:37:16Z
2026-06,https://infopangan.jakarta.go.id/api2/v1/public/report?filterBy=market&Id=12&yearMonth=2026-06,200,data/raw/ipj/2026-06.json,36df707ccf15e2c0abceca16e2f755785c9bf0b07f2edcfb2a11d9b2ab874349,40312,45,com_14:29|com_11:29|com_3:29,OK,,2026-10-03T12:37:18Z
2026-07,https://infopangan.jakarta.go.id/api2/v1/public/report?filterBy=market&Id=12&yearMonth=2026-07,200,data/raw/ipj/2026-07.json,2e1da614a5a66c4f0c0ee704c935089173866bc6329ff76afe370983fb7c7c5d,42440,45,com_14:31|com_11:31|com_3:31,OK,,2026-10-03T12:37:19Z
2026-08,https://infopangan.jakarta.go.id/api2/v1/public/report?filterBy=market&Id=12&yearMonth=2026-08,200,data/raw/ipj/2026-08.json,032b2c93b2af11d29b3c3a79cbbb5cccbfd3aa77ffd1fc31faff6138d0442aa8,41177,45,com_14:30|com_11:30|com_3:30,OK,,2026-10-03T12:37:21Z
2026-09,https://infopangan.jakarta.go.id/api2/v1/public/report?filterBy=market&Id=12&yearMonth=2026-09,200,data/raw/ipj/2026-09.json,064632f952a4bb9c608f661dd73c879f464c42605bdc15b333bc235a05f0eb6d,43063,45,com_14:31|com_11:31|com_3:31,FAIL,com_14: 1 tanggal duplikat; com_11: 1 tanggal duplikat; com_3: 1 tanggal duplikat,2026-10-03T12:37:23Z
2026-09,https://infopangan.jakarta.go.id/api2/v1/public/report?filterBy=market&Id=12&yearMonth=2026-09,200,data/raw/ipj/2026-09.r2.json,064632f952a4bb9c608f661dd73c879f464c42605bdc15b333bc235a05f0eb6d,43063,45,com_14:30|com_11:30|com_3:30,OK,"NOTE duplikat identik (diterima): com_14:2026-09-12,com_11:2026-09-12,com_3:2026-09-12",2026-10-03T12:40:02Z
